{"cameraMode":{"drawMode":0,"name":"Shaded","section":"Shading Mode"},"sceneLighting":false,"audioPlay":false,"sceneViewState":{"m_AlwaysRefresh":false,"showFog":true,"showSkybox":false,"showFlares":true,"showImageEffects":true,"showParticleSystems":true,"showVisualEffectGraphs":true,"m_FxEnabled":true},"in2DMode":false,"pivot":{"x":-0.9796981811523438,"y":-1.0768113136291505,"z":1.3699734210968018},"rotation":{"x":0.15268191695213319,"y":0.8457801938056946,"z":-0.3902001678943634,"w":0.3305608928203583},"size":3.4603114128112795,"orthographic":false}